-- Generation time: Tue, 11 Feb 2020 11:29:38 +0000
-- Host: mysql.hostinger.ro
-- DB name: u574849695_24
/*!40030 SET NAMES UTF8 */;
/*!40101 SET @OLD_CHARACTER_SET_CLIENT=@@CHARACTER_SET_CLIENT */;
/*!40101 SET @OLD_CHARACTER_SET_RESULTS=@@CHARACTER_SET_RESULTS */;
/*!40101 SET @OLD_COLLATION_CONNECTION=@@COLLATION_CONNECTION */;
/*!40103 SET @OLD_TIME_ZONE=@@TIME_ZONE */;
/*!40103 SET TIME_ZONE='+00:00' */;
/*!40014 SET @OLD_UNIQUE_CHECKS=@@UNIQUE_CHECKS, UNIQUE_CHECKS=0 */;
/*!40014 SET @OLD_FOREIGN_KEY_CHECKS=@@FOREIGN_KEY_CHECKS, FOREIGN_KEY_CHECKS=0 */;
/*!40101 SET @OLD_SQL_MODE=@@SQL_MODE, SQL_MODE='NO_AUTO_VALUE_ON_ZERO' */;
/*!40111 SET @OLD_SQL_NOTES=@@SQL_NOTES, SQL_NOTES=0 */;

DROP TABLE IF EXISTS `communities`;
CREATE TABLE `communities` (
  `id` bigint(20) unsigned NOT NULL AUTO_INCREMENT,
  `name` varchar(150) COLLATE utf8_unicode_ci DEFAULT NULL,
  PRIMARY KEY (`id`),
  KEY `communities_name_idx` (`name`)
) ENGINE=InnoDB AUTO_INCREMENT=11 DEFAULT CHARSET=utf8 COLLATE=utf8_unicode_ci;

INSERT INTO `communities` VALUES ('2','asperiores'),
('5','aut'),
('10','cum'),
('3','doloremque'),
('8','ea'),
('6','enim'),
('1','illum'),
('7','pariatur'),
('4','quo'),
('9','tempora'); 


DROP TABLE IF EXISTS `friend_requests`;
CREATE TABLE `friend_requests` (
  `initiator_user_id` bigint(20) unsigned NOT NULL,
  `target_user_id` bigint(20) unsigned NOT NULL,
  `status` enum('requested','approved','unfriended','declined') COLLATE utf8_unicode_ci DEFAULT NULL,
  `requested_at` datetime DEFAULT current_timestamp(),
  `confirmed_at` datetime DEFAULT NULL,
  PRIMARY KEY (`initiator_user_id`,`target_user_id`),
  KEY `initiator_user_id` (`initiator_user_id`),
  KEY `target_user_id` (`target_user_id`),
  CONSTRAINT `friend_requests_ibfk_1` FOREIGN KEY (`initiator_user_id`) REFERENCES `users` (`id`),
  CONSTRAINT `friend_requests_ibfk_2` FOREIGN KEY (`target_user_id`) REFERENCES `users` (`id`)
) ENGINE=InnoDB DEFAULT CHARSET=utf8 COLLATE=utf8_unicode_ci;

INSERT INTO `friend_requests` VALUES ('1','1','approved','2005-12-31 07:55:41','2006-10-19 12:21:51'),
('2','2','approved','2001-07-27 21:57:14','2003-02-09 23:14:29'),
('3','3','requested','2010-01-24 21:52:37','1993-05-20 19:49:10'),
('4','4','requested','2001-09-19 01:19:16','2003-10-28 15:01:33'),
('5','5','approved','2000-12-09 03:54:04','2015-09-05 15:53:25'),
('6','6','requested','2001-02-03 19:45:53','1988-06-14 15:22:37'),
('7','7','requested','2000-03-14 20:26:22','1976-04-21 20:56:14'),
('8','8','approved','1988-10-15 22:02:59','2006-02-21 11:22:16'),
('9','9','approved','1974-01-30 08:06:26','1998-11-11 18:37:48'),
('10','10','unfriended','2017-08-09 09:06:18','1983-07-31 00:01:37'); 


DROP TABLE IF EXISTS `likes`;
CREATE TABLE `likes` (
  `id` bigint(20) unsigned NOT NULL AUTO_INCREMENT,
  `user_id` bigint(20) unsigned NOT NULL,
  `media_id` bigint(20) unsigned NOT NULL,
  `created_at` datetime DEFAULT current_timestamp(),
  PRIMARY KEY (`id`),
  KEY `user_id` (`user_id`),
  KEY `media_id` (`media_id`),
  CONSTRAINT `likes_ibfk_1` FOREIGN KEY (`user_id`) REFERENCES `users` (`id`),
  CONSTRAINT `likes_ibfk_2` FOREIGN KEY (`media_id`) REFERENCES `media` (`id`)
) ENGINE=InnoDB AUTO_INCREMENT=101 DEFAULT CHARSET=utf8 COLLATE=utf8_unicode_ci;

INSERT INTO `likes` VALUES ('1','1','1','2010-04-11 08:51:08'),
('2','2','2','2005-04-15 14:53:50'),
('3','3','3','1981-08-13 07:36:57'),
('4','4','4','2010-08-24 03:45:08'),
('5','5','5','2011-05-15 07:56:50'),
('6','6','6','1972-02-02 11:25:32'),
('7','7','7','2007-07-18 22:20:13'),
('8','8','8','1995-04-20 05:06:15'),
('9','9','9','1979-12-22 16:35:49'),
('10','10','10','2010-10-21 20:51:08'),
('11','11','11','1994-05-25 02:07:20'),
('12','12','12','2014-05-31 00:06:52'),
('13','13','13','1971-01-21 19:14:22'),
('14','14','14','1990-01-21 18:15:48'),
('15','15','15','2016-09-15 19:05:40'),
('16','16','16','1995-12-04 05:59:46'),
('17','17','17','1974-10-14 08:50:40'),
('18','18','18','1991-07-17 09:49:24'),
('19','19','19','1979-08-27 17:09:54'),
('20','20','20','1976-07-09 12:51:57'),
('21','21','21','1980-08-14 11:49:58'),
('22','22','22','1997-07-27 00:18:10'),
('23','23','23','1978-01-18 04:01:53'),
('24','24','24','1987-02-06 05:59:20'),
('25','25','25','2000-05-27 23:25:06'),
('26','26','26','1979-02-15 15:11:02'),
('27','27','27','1996-03-08 10:18:40'),
('28','28','28','1971-08-22 18:07:58'),
('29','29','29','1991-06-11 05:07:22'),
('30','30','30','1987-09-12 11:30:23'),
('31','31','31','2016-05-09 10:26:31'),
('32','32','32','1984-08-12 20:18:36'),
('33','33','33','2017-11-28 19:04:59'),
('34','34','34','1971-02-18 18:32:23'),
('35','35','35','1984-01-22 18:38:37'),
('36','36','36','1979-07-07 03:16:26'),
('37','37','37','2011-01-20 04:18:09'),
('38','38','38','1994-06-09 19:59:52'),
('39','39','39','1981-05-31 00:00:22'),
('40','40','40','1983-08-13 06:51:48'),
('41','41','41','1992-07-18 03:40:18'),
('42','42','42','2019-09-28 11:46:34'),
('43','43','43','1986-05-29 15:51:46'),
('44','44','44','2016-11-05 23:39:47'),
('45','45','45','1998-05-01 02:55:22'),
('46','46','46','1982-07-21 00:55:31'),
('47','47','47','2003-11-10 08:19:49'),
('48','48','48','1976-04-29 20:13:54'),
('49','49','49','2010-10-13 17:31:07'),
('50','50','50','2011-03-09 12:36:54'),
('51','51','51','1986-12-12 06:34:45'),
('52','52','52','2005-01-12 23:21:14'),
('53','53','53','1992-04-02 23:58:42'),
('54','54','54','1996-02-14 08:09:47'),
('55','55','55','1981-12-13 07:16:23'),
('56','56','56','1980-12-17 06:21:45'),
('57','57','57','2019-03-01 18:23:52'),
('58','58','58','2006-12-08 23:07:08'),
('59','59','59','1979-09-29 07:03:14'),
('60','60','60','2001-12-16 18:47:17'),
('61','61','61','1999-07-11 00:16:48'),
('62','62','62','1971-10-01 20:43:19'),
('63','63','63','2016-02-05 07:49:05'),
('64','64','64','1997-03-31 22:15:44'),
('65','65','65','2003-03-16 14:04:57'),
('66','66','66','1973-07-12 10:15:27'),
('67','67','67','2015-10-23 09:29:21'),
('68','68','68','2014-04-16 22:25:43'),
('69','69','69','1989-07-11 11:49:11'),
('70','70','70','1970-01-08 08:21:47'),
('71','71','71','1989-02-04 17:23:23'),
('72','72','72','1978-08-18 11:54:35'),
('73','73','73','1995-07-20 09:35:11'),
('74','74','74','1972-05-28 20:25:47'),
('75','75','75','2006-02-01 00:03:19'),
('76','76','76','2007-04-23 14:10:18'),
('77','77','77','1995-12-15 09:45:56'),
('78','78','78','1984-05-28 12:21:13'),
('79','79','79','2004-06-08 07:57:02'),
('80','80','80','1979-03-27 21:08:31'),
('81','81','81','1977-07-08 20:32:27'),
('82','82','82','1979-07-03 01:44:29'),
('83','83','83','1995-11-17 11:42:39'),
('84','84','84','2005-12-28 21:52:13'),
('85','85','85','2012-06-23 10:31:03'),
('86','86','86','2019-08-22 16:48:21'),
('87','87','87','1991-12-30 23:00:03'),
('88','88','88','1981-04-01 13:03:10'),
('89','89','89','2017-05-14 19:46:56'),
('90','90','90','1983-08-29 11:16:43'),
('91','91','91','1994-06-27 18:24:27'),
('92','92','92','1996-12-02 18:58:53'),
('93','93','93','2017-01-02 14:51:05'),
('94','94','94','1974-06-04 17:12:56'),
('95','95','95','2010-11-22 02:43:20'),
('96','96','96','1993-03-14 23:48:09'),
('97','97','97','2018-03-29 18:32:47'),
('98','98','98','1982-05-06 23:23:14'),
('99','99','99','2019-07-19 22:52:24'),
('100','100','100','1970-05-03 13:09:09'); 


DROP TABLE IF EXISTS `media`;
CREATE TABLE `media` (
  `id` bigint(20) unsigned NOT NULL AUTO_INCREMENT,
  `media_type_id` bigint(20) unsigned NOT NULL,
  `user_id` bigint(20) unsigned NOT NULL,
  `body` text COLLATE utf8_unicode_ci DEFAULT NULL,
  `filename` varchar(255) COLLATE utf8_unicode_ci DEFAULT NULL,
  `size` int(11) DEFAULT NULL,
  `metadata` longtext CHARACTER SET utf8mb4 COLLATE utf8mb4_bin DEFAULT NULL,
  `created_at` datetime DEFAULT current_timestamp(),
  `updated_at` datetime DEFAULT current_timestamp() ON UPDATE current_timestamp(),
  PRIMARY KEY (`id`),
  KEY `user_id` (`user_id`),
  KEY `media_type_id` (`media_type_id`),
  CONSTRAINT `media_ibfk_1` FOREIGN KEY (`user_id`) REFERENCES `users` (`id`),
  CONSTRAINT `media_ibfk_2` FOREIGN KEY (`media_type_id`) REFERENCES `media_types` (`id`)
) ENGINE=InnoDB AUTO_INCREMENT=101 DEFAULT CHARSET=utf8 COLLATE=utf8_unicode_ci;

INSERT INTO `media` VALUES ('1','1','1','Similique occaecati est dolor commodi reiciendis rem aut. Quis non modi facere deleniti vel. Non qui omnis consequatur ipsa impedit. Quibusdam sapiente sunt dicta corrupti ut facilis. Ut optio repudiandae illum aut impedit qui beatae.','nesciunt','607322138',NULL,'1997-05-24 20:04:52','1972-12-22 21:04:49'),
('2','2','2','Delectus ea provident omnis quis praesentium id. In qui autem totam ducimus rerum. Voluptas porro id id in architecto a ipsum. Aliquam doloribus voluptatem enim architecto.','amet','450',NULL,'1986-06-14 16:38:43','2001-12-23 17:18:20'),
('3','3','3','Voluptas voluptas accusantium deserunt pariatur debitis quam quidem. Inventore voluptas magni qui quo unde. Eius cupiditate dolore omnis voluptatem maiores voluptates. Et totam eligendi mollitia veritatis quisquam sed illo molestiae.','voluptas','1',NULL,'1991-02-26 05:22:15','2018-09-26 11:19:26'),
('4','4','4','Est voluptatibus est facilis et maxime est fuga. Sunt ut nisi et sequi magni dolores omnis. Aut quia tempora unde ad. Omnis doloremque ut dicta officiis inventore fuga ad.','provident','563475',NULL,'1977-10-24 11:25:52','1985-05-02 16:48:58'),
('5','5','5','Vitae corporis harum commodi ea sapiente maiores voluptatum. Ex deleniti eligendi unde. Aut sit a dignissimos qui nemo at.','pariatur','425012344',NULL,'1972-08-24 01:41:00','2009-05-26 02:10:47'),
('6','1','6','Nobis asperiores sequi sed ad. Repudiandae sint voluptatibus inventore sed. Rerum beatae modi voluptate cupiditate quam tenetur deserunt.','sapiente','4',NULL,'1986-06-26 22:04:10','2005-10-24 11:24:13'),
('7','2','7','Molestiae fugit cum eum voluptatum autem. Facilis vitae illo atque delectus. Molestias accusantium libero voluptatem et officiis. Qui incidunt porro aperiam omnis. Rem officia neque iure dolor enim tempora.','et','7608',NULL,'1999-09-18 05:38:12','2016-10-29 10:10:53'),
('8','3','8','Adipisci nihil vero cum sit voluptatibus. Et et ipsa iusto consequuntur animi fuga earum consequatur. Soluta a nihil dolores a.','sequi','19',NULL,'1995-05-06 00:05:52','1985-04-23 09:03:30'),
('9','4','9','Iusto optio sapiente vel in et dolorum. A illo commodi dolore sint ut aspernatur necessitatibus. Nostrum labore qui provident officia. Recusandae in voluptates aliquam.','commodi','31858683',NULL,'1997-11-19 17:37:57','2009-09-27 03:30:58'),
('10','5','10','Qui nesciunt ut consequuntur eum. Labore magni dicta non est laboriosam rem sit. Quis nulla aut rerum delectus blanditiis expedita ut harum.','ducimus','8',NULL,'1998-11-11 13:00:45','2019-10-11 04:30:04'),
('11','1','11','Voluptatem inventore nulla enim maxime repellendus suscipit porro. Qui ut fuga assumenda ducimus et sunt. Rerum ea autem provident distinctio temporibus. Vitae assumenda amet facilis esse in.','temporibus','616',NULL,'1983-08-25 22:34:46','1974-06-09 13:19:49'),
('12','2','12','Culpa amet quam similique ut quibusdam aut. Ea et et quo quas consequuntur tempora veniam. Omnis ut accusamus nesciunt magnam.','ut','31330886',NULL,'1998-04-06 17:44:19','1978-05-05 13:28:37'),
('13','3','13','Sint dignissimos et ut. Esse molestias sed quis placeat autem. Aut id consequatur odit voluptatum dolor adipisci. Maiores voluptas praesentium a nostrum sint.','sit','79',NULL,'1989-07-07 20:58:55','2014-05-01 18:48:05'),
('14','4','14','Quia ut illum eius dolore atque fugit. Voluptatem ut fuga corporis velit eum animi earum quo.','et','3',NULL,'1986-05-31 09:55:31','2018-04-23 09:16:17'),
('15','5','15','Consequatur maxime iure eligendi repellat qui magnam non. Voluptatum voluptatem praesentium sequi autem molestiae ipsa distinctio.','et','0',NULL,'1985-02-22 14:16:33','1984-05-20 16:10:20'),
('16','1','16','Doloribus dolor aut laboriosam nulla ut repudiandae eius. Eos perspiciatis veritatis dolore ratione qui temporibus magni. Ipsam sit omnis voluptas eaque porro fugit.','voluptas','22495',NULL,'1989-04-26 03:32:58','2003-05-15 22:33:44'),
('17','2','17','Aut quod eveniet quaerat et qui porro fuga. Perferendis reprehenderit et consectetur earum. Voluptas minus quis doloribus et fugiat. Rem explicabo similique eos neque magni non distinctio.','at','652',NULL,'1996-07-13 19:55:30','1988-09-04 21:38:56'),
('18','3','18','Eius facere sapiente harum unde amet velit voluptatibus et. Quis et facilis assumenda. Aut enim officiis eligendi aliquam necessitatibus voluptates.','ratione','776',NULL,'1996-09-15 20:53:19','1997-05-01 02:02:07'),
('19','4','19','Eum amet recusandae ullam exercitationem dolor mollitia. Mollitia quo error et saepe delectus porro et vitae. Autem deleniti ab voluptatem nemo ab quis voluptas. Suscipit qui aperiam ipsam omnis ducimus.','est','2',NULL,'1971-09-24 03:48:52','1991-11-19 15:58:38'),
('20','5','20','Nulla ab expedita non eius minima. Repudiandae consequuntur accusantium voluptas suscipit et sed. Dolorem consequuntur accusantium labore culpa rerum. Aliquid consequatur nostrum fugit.','rerum','7',NULL,'2003-07-19 01:00:49','2011-05-06 04:37:10'),
('21','1','21','Dolores quas dolor nemo et. Autem maiores natus dicta a et iusto.','sed','0',NULL,'1980-01-28 21:56:04','1975-07-01 05:24:09'),
('22','2','22','Repudiandae sunt et nisi accusantium repudiandae possimus ut. Et et laboriosam ea laudantium. Laboriosam recusandae non ea deserunt sequi harum omnis.','qui','2759141',NULL,'1994-06-10 15:08:56','1991-09-13 01:23:30'),
('23','3','23','Sunt facilis voluptas fugiat rerum et suscipit omnis hic. Consequuntur laborum sapiente nam odit ad in necessitatibus. Laborum ipsa qui tempora rerum eaque et.','deserunt','57624',NULL,'2004-11-15 02:14:51','1973-11-05 04:34:52'),
('24','4','24','Non incidunt ut nulla consectetur laborum et neque impedit. Dolores et quaerat minima deleniti dolorum. Repellendus molestiae iure architecto quidem.','distinctio','23453',NULL,'2006-11-23 01:06:05','1999-07-19 19:44:29'),
('25','5','25','Harum sit neque ullam qui. Blanditiis aut maiores magnam molestiae. Et et et dicta ad eius non maiores. Tempora ratione aut vero incidunt qui.','nulla','632162514',NULL,'2002-01-25 22:57:02','2013-05-22 13:14:30'),
('26','1','26','In vel blanditiis id fuga eveniet reiciendis ut. Dolores non reiciendis vero libero repellendus debitis. Ad a accusamus deserunt labore quasi omnis libero.','nihil','4',NULL,'2015-08-27 20:06:03','1989-01-22 15:47:39'),
('27','2','27','Tempore vero repellat reprehenderit tempora et. Voluptatibus sed sint et ea voluptatibus distinctio id quibusdam. Unde aliquid rerum maxime corporis tempore modi. Voluptates rem sint et.','tempora','6651',NULL,'1980-04-14 04:24:43','1983-05-02 03:14:18'),
('28','3','28','Eligendi odio impedit dolore dicta est. Adipisci ut omnis vel sunt soluta ex dolor velit. Id enim doloribus quisquam amet. Nisi aut quia nihil eaque.','voluptatem','10711',NULL,'1976-04-28 04:32:15','1973-10-07 20:02:49'),
('29','4','29','Deserunt quas reiciendis velit nihil et non doloribus. Sed quaerat quia qui eaque. Nulla voluptatem est est adipisci. Ut doloremque doloremque et.','ut','6899491',NULL,'1981-05-03 16:32:05','1988-01-15 06:24:58'),
('30','5','30','Itaque laborum et suscipit repudiandae ut sit odio soluta. Cum molestiae ab optio illum veniam. In suscipit sed explicabo autem quo.','error','5022',NULL,'1992-05-24 21:40:44','2018-11-16 05:49:09'),
('31','1','31','Consequuntur beatae est mollitia odit quos repellendus. Odit eveniet voluptatem sapiente corrupti reiciendis maiores. Quia rerum est velit maiores. Sint vero suscipit dolores blanditiis vel.','ut','433366720',NULL,'1974-11-15 08:47:56','2012-12-07 04:25:11'),
('32','2','32','Omnis illo modi culpa voluptatum esse occaecati. Nobis quisquam dolore praesentium qui. Ex ex accusamus omnis incidunt nesciunt dolores.','nihil','8',NULL,'2012-08-03 13:58:45','2019-03-09 23:24:46'),
('33','3','33','Itaque consequatur eos rerum porro nam vero. Sed qui et fugit quia consequatur rerum. Et saepe blanditiis veritatis atque laborum.','rerum','0',NULL,'1991-11-19 05:16:19','2002-06-10 21:19:42'),
('34','4','34','Labore ipsam porro possimus autem non omnis. Nihil eos et et quae iste qui. Quam nam velit ea dolor numquam at.','voluptatem','84663',NULL,'1987-09-25 20:17:51','2006-10-01 03:53:54'),
('35','5','35','Provident quia assumenda itaque culpa aut. Nostrum beatae deleniti cumque magnam. Commodi quia sunt amet facilis sit explicabo perspiciatis maiores.','veniam','942',NULL,'1983-06-04 22:48:56','1988-01-29 06:28:58'),
('36','1','36','Ipsa aliquam aut iste sint aperiam tenetur at aliquam. Officia ullam aut quo est et accusantium tenetur eligendi. Minima maiores qui suscipit velit labore qui cupiditate dolorum. Laboriosam corrupti accusantium ab ipsa consequatur sequi eius beatae.','aut','718957664',NULL,'1980-12-31 14:47:05','1983-09-14 14:22:20'),
('37','2','37','Eum error sunt natus ducimus at ea ut. Ut numquam nostrum eveniet quo.','consequatur','443',NULL,'1978-10-27 23:42:33','1970-10-19 08:41:03'),
('38','3','38','Dicta pariatur inventore voluptas sit libero commodi dolor. Id ea est animi suscipit voluptatem et. Ut temporibus et qui quam praesentium expedita laudantium voluptas.','odio','309027185',NULL,'1990-12-25 16:01:10','2008-11-21 17:35:24'),
('39','4','39','Numquam molestiae omnis expedita pariatur. Beatae quis nemo iste iste doloremque a possimus. Deserunt reprehenderit veritatis necessitatibus qui.','occaecati','16174301',NULL,'1987-02-20 22:38:52','1971-03-03 11:03:26'),
('40','5','40','Dolor ducimus sunt repellat perferendis dolorem recusandae amet. Reiciendis rerum dolorum illo earum id. Eaque sint omnis aliquid possimus laborum reiciendis et expedita. Accusamus placeat et et omnis.','unde','2841',NULL,'1984-01-26 20:11:20','2010-06-14 11:03:41'),
('41','1','41','Aperiam sapiente ratione sunt eos aut. Id enim et dolorem neque eum. Magnam eaque cumque eos enim earum. Illo sunt inventore voluptate sit illo molestias. Exercitationem iure consectetur et odio.','repellat','43066786',NULL,'1976-11-10 10:23:53','2014-09-18 17:39:40'),
('42','2','42','Magnam quod dignissimos unde dicta. Maxime error minus magni blanditiis. Occaecati libero voluptas aliquid optio est harum quis doloremque. Autem et distinctio rerum ut.','voluptates','65503',NULL,'2010-06-12 23:52:38','2006-03-29 15:22:04'),
('43','3','43','Temporibus quibusdam veritatis repellat rerum tempora libero. Officiis qui eum eveniet quae sint cumque. Id ea consequatur similique veritatis.','animi','726',NULL,'2007-03-21 14:49:00','2017-03-13 19:06:23'),
('44','4','44','Expedita voluptate commodi corporis delectus atque. Fugiat sint aut nostrum tempora. Incidunt cupiditate id non eos voluptas incidunt. Ea dicta sit autem deserunt asperiores soluta.','aut','365864132',NULL,'2013-01-27 00:14:38','1993-10-29 10:58:33'),
('45','5','45','Et beatae consectetur molestiae dolorem. Cumque quos iusto rem dolorem. Pariatur qui fugit in temporibus et praesentium. Quod necessitatibus voluptas qui libero dolore odio tenetur.','qui','0',NULL,'1980-03-18 02:21:32','1992-04-05 00:06:21'),
('46','1','46','Deserunt illo sit non libero esse odit. Unde iusto quia aut necessitatibus. Accusamus architecto vitae cumque aut sed. Omnis ut voluptatum totam.','ducimus','380127',NULL,'2017-10-04 22:43:02','2003-07-02 10:38:36'),
('47','2','47','Voluptatem veniam praesentium in non voluptatum. Eius itaque sint quaerat alias sint sint facilis. Cumque ut et quis quia. Voluptatem tenetur aspernatur illum eum.','eius','16400',NULL,'2014-03-18 22:04:48','1982-12-18 14:14:10'),
('48','3','48','Dolores sit sunt voluptatem facilis. Et sequi at cum. Quod nam quos a incidunt cupiditate sunt.','minima','2788593',NULL,'2006-04-19 23:22:14','1993-11-17 01:46:04'),
('49','4','49','Culpa dolor magnam totam officia. Doloremque laboriosam odio possimus autem.','recusandae','45733201',NULL,'1973-03-09 14:15:55','1986-09-16 01:43:15'),
('50','5','50','Sint modi non optio velit est. Necessitatibus in molestias doloribus dolorum sed velit.','voluptatum','63623',NULL,'1979-12-01 09:15:32','2008-09-02 14:45:52'),
('51','1','51','Ut voluptatibus sit voluptas laboriosam ex esse ullam. Deserunt omnis rem autem facilis ratione vel. Consectetur odit ea qui consequatur dolorum.','rem','6881',NULL,'2003-10-23 11:54:59','2000-02-01 21:13:34'),
('52','2','52','Numquam vitae id excepturi ratione nisi id aut. Eum possimus distinctio iusto doloremque et quia. Consequatur dolores aspernatur magnam sapiente consequatur occaecati sint.','labore','18',NULL,'1996-10-17 01:00:12','1981-11-11 08:51:07'),
('53','3','53','Hic molestiae et rem doloribus autem vel dolorum ut. Nobis sunt assumenda officiis consequatur recusandae magni. Commodi ab molestiae nulla earum. Voluptatem nam vitae cumque aspernatur voluptates debitis.','tempore','0',NULL,'1971-10-03 03:34:21','2004-10-04 05:21:47'),
('54','4','54','Rerum voluptatem molestias laborum et consequuntur. Sed nemo ipsa sunt iusto. Voluptatem numquam et quidem quos qui cumque. Cum occaecati laudantium at consectetur aut labore nisi.','tempore','0',NULL,'2009-12-21 00:28:46','1999-08-10 09:29:08'),
('55','5','55','Hic quia atque ut maxime id voluptatem voluptates. Delectus quis et impedit voluptas sed quibusdam quasi. At veritatis aut in cupiditate ea quaerat aut.','quod','62066369',NULL,'1998-09-28 17:39:46','1970-06-02 01:43:40'),
('56','1','56','Ut suscipit ipsum magnam. Quod est beatae nesciunt sed et quas. Rerum harum molestiae sed et aliquid ratione. Animi eius eius id magni natus.','id','827675',NULL,'2017-04-16 23:22:06','1991-10-17 07:39:28'),
('57','2','57','Velit ea quas sapiente odit voluptas. Quo nostrum quae iste fugiat fuga voluptas ut est. Excepturi quia itaque natus et dolor ratione. Deleniti animi sunt animi consequuntur.','rerum','4937195',NULL,'1977-11-28 13:37:29','1979-11-14 01:27:13'),
('58','3','58','Recusandae sint id quis officia omnis sint. Quis iusto ut aut tempore dolorum ut nihil impedit.','cupiditate','0',NULL,'1970-12-29 20:22:06','2006-09-22 22:25:19'),
('59','4','59','Natus quo veritatis nisi dolor non laudantium. Aut ipsa accusantium temporibus excepturi sit ut nobis. Eaque atque ut velit tempore deserunt. Expedita labore quibusdam est autem.','cupiditate','758462',NULL,'2013-03-28 00:45:24','1972-06-04 07:32:03'),
('60','5','60','Numquam autem facilis consequatur maiores saepe ut. Enim dolor nostrum maiores hic aut dolores fugit. Rerum et ut suscipit perspiciatis.','voluptatem','0',NULL,'1977-06-03 20:46:56','1982-01-07 16:29:53'),
('61','1','61','Repudiandae consequatur in aut aspernatur. Tempore aliquam tempore aliquid dolor facere cum sed. Placeat in quia ratione non qui modi quo. Similique expedita delectus alias est.','delectus','2',NULL,'1992-01-25 22:53:36','1976-03-05 18:50:08'),
('62','2','62','Sint quae a dicta ut iste veniam est. Quia omnis pariatur nulla aliquid facere eius.','et','71884349',NULL,'1974-12-19 04:13:49','1983-11-07 13:05:02'),
('63','3','63','Cupiditate expedita esse voluptatem est illum. Itaque non fugit repudiandae sit laudantium. Recusandae magni ullam et delectus voluptatem. Id recusandae eos rerum voluptatem ea incidunt sit. Voluptatem sint rerum corporis aut repudiandae sed et.','dolores','1121435',NULL,'2008-10-14 13:33:54','2006-09-22 14:33:08'),
('64','4','64','Inventore autem unde aut magni rem eveniet dolor. Ullam iure at amet ratione ipsum veritatis molestiae. Nulla eum placeat harum ab eos et. Qui quae aut ut earum molestias velit non.','qui','1',NULL,'1972-04-13 04:03:12','1987-11-19 02:48:37'),
('65','5','65','Eum perferendis rerum debitis ipsa quas at totam. Rem earum id sunt voluptatibus. Et aperiam rerum quibusdam aut.','eum','3013058',NULL,'2008-03-03 23:06:21','1996-12-29 03:20:06'),
('66','1','66','Minus et dolorem sit in maiores asperiores. Quis dicta eos ab facere aut ipsum minima consequatur. Laborum itaque qui consectetur error autem animi.','voluptas','7568563',NULL,'1975-03-13 03:21:47','1979-10-31 06:58:53'),
('67','2','67','Praesentium mollitia autem quidem. Necessitatibus magnam minima voluptatibus fugiat nobis.','modi','4',NULL,'1993-07-29 22:33:31','1998-03-06 20:29:23'),
('68','3','68','Voluptatem eveniet sit iste quis beatae architecto quo. Voluptatem omnis magnam ut sed omnis. Et illum id necessitatibus placeat eos assumenda illo. Quis consequatur officia similique tempora qui at.','quidem','44739611',NULL,'2009-02-02 08:04:04','2013-01-25 03:07:06'),
('69','4','69','Suscipit saepe quo maxime quae. Mollitia velit ea ducimus in explicabo perspiciatis. Recusandae officiis suscipit nostrum rem ut quo fugiat et.','maiores','26003',NULL,'1976-05-10 18:46:19','1971-02-05 23:52:13'),
('70','5','70','Molestiae non mollitia et. Unde officia dicta consectetur odit. Autem dolor voluptas est quae suscipit possimus veritatis ab.','delectus','913002674',NULL,'1997-07-12 13:44:27','2015-05-22 22:09:42'),
('71','1','71','Libero dolorum tenetur aut sit et qui veniam fuga. Aut veritatis sint similique deserunt numquam. Aut voluptatem voluptatibus praesentium qui exercitationem modi.','magni','373',NULL,'2009-12-20 09:32:04','2005-07-02 08:15:48'),
('72','2','72','Eum voluptatem ut aut qui blanditiis. Est architecto odio molestiae doloremque. Et unde in sunt ratione id velit doloremque. Ut repellat illo animi ut expedita.','qui','929881753',NULL,'2000-04-05 02:39:41','2017-08-02 20:16:49'),
('73','3','73','Et consequuntur ut velit consequatur doloremque cumque ullam. Incidunt asperiores dolorem vero praesentium aliquid ullam deserunt. Provident atque totam dolores tempore est. Vitae aut sed non et repudiandae.','molestiae','73',NULL,'2006-07-04 04:46:00','2007-10-12 23:41:23'),
('74','4','74','Earum magni exercitationem aut quisquam rem officiis fugiat. Est tempore quia ut nisi dolores et sed laborum. Laborum ut nam impedit consequatur ullam praesentium distinctio. Molestias quisquam minus consequatur quibusdam alias.','doloribus','571704685',NULL,'1971-06-12 05:30:34','1976-04-22 02:33:21'),
('75','5','75','Omnis cumque quis eos vel odit voluptatem explicabo aspernatur. Quis fugiat possimus aut quo aut ullam commodi. Impedit dolor sunt ipsa repellendus debitis ea.','exercitationem','3770',NULL,'2009-11-10 08:51:38','1988-10-15 03:25:12'),
('76','1','76','Voluptas et eius consequatur culpa vel minus molestias. Optio nulla et accusantium provident officiis qui. Dignissimos est eum repellat dignissimos quaerat.','dolorem','5014',NULL,'2016-06-22 07:41:20','2004-03-31 16:44:33'),
('77','2','77','Ipsa sed repellat ab similique. Fuga commodi dolor perferendis facere facilis nisi et porro. Perspiciatis ea ipsa omnis expedita delectus.','aut','8616',NULL,'2014-05-02 13:21:21','1996-10-13 22:41:23'),
('78','3','78','Aperiam voluptas vitae maxime impedit facilis. Tenetur repellendus provident quo vero reiciendis possimus illum. Et iusto nesciunt possimus ipsa eveniet ducimus neque.','perspiciatis','0',NULL,'1986-02-11 03:41:06','1996-09-27 09:18:11'),
('79','4','79','Optio exercitationem et vitae et. Numquam dicta ut debitis totam consequatur hic. Est debitis dignissimos molestiae voluptatem sit quos est quas.','dolorum','433478016',NULL,'2001-07-05 15:22:33','1971-08-19 13:08:35'),
('80','5','80','Doloribus aliquam aut magnam sed voluptatibus odio optio. Sequi voluptate ex eos rerum. Tempora est et est.','sed','43144157',NULL,'2000-07-22 14:10:44','1982-01-01 00:17:13'),
('81','1','81','Placeat in quae quis est sit. Laboriosam nulla fuga praesentium reiciendis ea ut provident. Voluptatem ipsa nobis laudantium et repellat pariatur nulla et.','est','7357',NULL,'1973-08-26 12:29:57','1974-06-22 06:04:09'),
('82','2','82','Fuga consectetur facilis sed nostrum veniam consequatur. Architecto sed placeat voluptatum ipsa. Maxime eos perferendis quis cumque ad. Earum ut dolor ut.','quod','1663',NULL,'1973-01-22 00:28:19','2000-02-20 03:46:23'),
('83','3','83','Molestias nemo consectetur quam praesentium dicta quaerat. Quam omnis mollitia et quia. Vel consectetur saepe qui magnam.','velit','6076236',NULL,'1988-02-23 01:16:38','2014-10-02 18:23:14'),
('84','4','84','Dicta rerum voluptate repudiandae accusamus assumenda sint itaque. Modi consequatur odio omnis qui doloribus neque iure non. Illum nam odio debitis quaerat. Laboriosam in culpa suscipit cupiditate quidem amet.','accusantium','4',NULL,'1976-06-26 21:26:41','1993-12-17 07:52:01'),
('85','5','85','Qui sunt facere eum. Consequuntur temporibus molestiae quam officiis et. Dolorem eos dolorem repudiandae consectetur aut.','tenetur','84273',NULL,'1988-03-10 21:39:24','2006-06-10 21:17:19'),
('86','1','86','Voluptas molestiae voluptas eligendi molestiae maiores. Corrupti velit sed eum omnis nulla ipsa et. Exercitationem et consequuntur soluta quam beatae eos est laudantium. Ut et eum magnam aut repudiandae.','eos','0',NULL,'1979-04-21 15:09:51','1998-05-29 21:33:09'),
('87','2','87','Voluptatem eos quod qui cum doloremque non exercitationem. Voluptatem quidem aspernatur ut consequatur. Culpa porro fugiat molestiae. Explicabo recusandae perferendis debitis nisi et alias.','quia','6626107',NULL,'1973-06-09 13:07:27','2019-03-30 00:44:59'),
('88','3','88','Totam et aut nostrum iure. Et magnam in perferendis facere et non sunt.','reiciendis','87057906',NULL,'1975-02-10 08:49:19','1982-05-19 05:24:54'),
('89','4','89','Reiciendis dignissimos molestiae repellendus natus blanditiis voluptatem voluptas. Officiis officia provident quibusdam itaque sed qui delectus possimus. Et exercitationem illum iste labore ut qui.','quo','135',NULL,'2005-11-07 08:40:28','1977-01-20 13:25:54'),
('90','5','90','Voluptates et odio est sunt. Quisquam dolorem officia illum minus dignissimos numquam sint deleniti. Omnis facilis delectus necessitatibus excepturi ut doloribus dolorum autem. Assumenda voluptate modi provident corrupti eos fugit.','et','8150478',NULL,'1982-03-12 05:58:01','2007-02-06 14:06:12'),
('91','1','91','Distinctio quidem et consequatur in excepturi. Aut numquam autem quos nisi ut numquam. Temporibus molestiae nulla odio quidem consequatur. Qui voluptate sunt suscipit enim et neque.','exercitationem','982',NULL,'2019-11-25 03:22:20','1971-10-12 18:47:50'),
('92','2','92','Tenetur excepturi quod a et. Sint facilis ipsum qui aut. Nulla omnis reiciendis labore natus. Dolorum earum commodi ab minus qui atque dignissimos.','nisi','6689',NULL,'2012-01-21 12:42:47','2007-09-25 09:45:10'),
('93','3','93','Vitae quis aliquam ipsum. Et facere ut eveniet deserunt. Vel laborum rerum illo voluptatibus consequatur est consequatur et. Accusantium molestiae reiciendis dolor quidem earum velit minima. Voluptatem facilis at ad molestiae.','autem','927756',NULL,'1973-05-02 17:00:55','2006-09-01 22:45:29'),
('94','4','94','Ut molestias dolores aliquam praesentium deleniti ipsa reprehenderit dolorum. Alias quibusdam labore quisquam voluptatem ex ut beatae. Sint recusandae corrupti ut et aut. Similique beatae sed nobis ducimus rem.','maxime','23482612',NULL,'1994-04-15 18:50:18','1982-02-25 23:50:01'),
('95','5','95','Rerum voluptatem molestiae culpa minima animi. Odit est error qui. Sunt voluptatibus dolor est doloremque enim quaerat vel.','aspernatur','9457992',NULL,'2007-05-02 17:57:27','2009-11-12 19:02:09'),
('96','1','96','Dolor beatae ea minima facere id et nisi accusamus. Autem non nihil eius provident consectetur. Voluptate laborum officiis itaque sed sunt.','nam','445641',NULL,'1992-10-01 09:18:30','1990-07-06 06:54:36'),
('97','2','97','Id cumque culpa quia natus consequatur. Dolores modi et omnis quis ut et. Error ea odio similique sed.','et','3445',NULL,'1988-03-01 02:56:55','2011-09-28 04:41:48'),
('98','3','98','Rerum cupiditate molestiae labore cumque ex velit ipsam. Repudiandae rem quae qui qui placeat. Qui blanditiis qui magnam nam explicabo eligendi aliquid.','et','0',NULL,'2000-09-10 04:40:16','1970-11-19 09:03:17'),
('99','4','99','Qui odit beatae est aut dolorem. Consectetur in aut quos aut velit similique necessitatibus. Dolores necessitatibus totam reiciendis labore.','eos','40304438',NULL,'1994-05-22 00:23:21','1971-12-23 17:06:34'),
('100','5','100','Eaque aut ea architecto numquam commodi. Aperiam provident omnis ut dolor ut tenetur dolor. Perferendis animi earum possimus aspernatur vel. Asperiores vel dicta eum.','hic','332',NULL,'1995-12-19 16:39:31','2019-10-09 05:27:54'); 


DROP TABLE IF EXISTS `media_types`;
CREATE TABLE `media_types` (
  `id` bigint(20) unsigned NOT NULL AUTO_INCREMENT,
  `name` varchar(255) COLLATE utf8_unicode_ci DEFAULT NULL,
  `created_at` datetime DEFAULT current_timestamp(),
  `updated_at` datetime DEFAULT current_timestamp() ON UPDATE current_timestamp(),
  PRIMARY KEY (`id`)
) ENGINE=InnoDB AUTO_INCREMENT=6 DEFAULT CHARSET=utf8 COLLATE=utf8_unicode_ci;

INSERT INTO `media_types` VALUES ('1','et','1978-09-14 14:18:51','1979-08-04 20:32:07'),
('2','fugit','2007-09-10 07:08:48','2004-12-16 03:22:06'),
('3','recusandae','1980-10-03 21:13:25','1972-07-24 00:10:37'),
('4','sed','2015-12-16 03:55:32','1974-05-23 04:23:44'),
('5','pariatur','2008-01-24 06:33:03','1998-11-29 09:33:43'); 


DROP TABLE IF EXISTS `messages`;
CREATE TABLE `messages` (
  `id` bigint(20) unsigned NOT NULL AUTO_INCREMENT,
  `from_user_id` bigint(20) unsigned NOT NULL,
  `to_user_id` bigint(20) unsigned NOT NULL,
  `body` text COLLATE utf8_unicode_ci DEFAULT NULL,
  `created_at` datetime DEFAULT current_timestamp(),
  PRIMARY KEY (`id`),
  KEY `messages_from_user_id` (`from_user_id`),
  KEY `messages_to_user_id` (`to_user_id`),
  CONSTRAINT `messages_ibfk_1` FOREIGN KEY (`from_user_id`) REFERENCES `users` (`id`),
  CONSTRAINT `messages_ibfk_2` FOREIGN KEY (`to_user_id`) REFERENCES `users` (`id`)
) ENGINE=InnoDB AUTO_INCREMENT=101 DEFAULT CHARSET=utf8 COLLATE=utf8_unicode_ci;

INSERT INTO `messages` VALUES ('1','1','1','Cupiditate nulla velit consectetur dolorum qui nihil. Iure pariatur dolorum maxime magni qui sint adipisci ut. Aut expedita perferendis nostrum perferendis laboriosam et perspiciatis.','2009-08-05 15:53:05'),
('2','2','2','Velit est laudantium excepturi velit fugit consectetur exercitationem. Atque est consequatur qui odit aspernatur amet neque quia. Consectetur voluptatum tenetur praesentium tempora. Et iusto dolore officia cum.','1973-01-16 22:01:15'),
('3','3','3','Voluptates quod et voluptatem in pariatur unde autem et. Consectetur aut nam est ut laudantium voluptatem aut. Ea repellendus quae quo praesentium amet.','2001-11-10 07:03:55'),
('4','4','4','Sunt consequuntur exercitationem aliquid distinctio et. Hic distinctio laudantium enim iure iure suscipit temporibus. Quibusdam laborum natus dolor.','2002-04-08 11:24:38'),
('5','5','5','Sed et laborum voluptatibus et. Sapiente rem alias eveniet nemo. Rerum sint tenetur modi atque dignissimos nulla quia non.','1999-06-02 10:08:58'),
('6','6','6','Doloribus facilis velit harum rerum id. Minima similique corporis veritatis rerum. Sed quis sit et sint harum.','2003-04-02 05:28:25'),
('7','7','7','Consequatur accusamus quasi sit error dolor. Qui repellendus nisi nulla vel. Occaecati autem vel quibusdam earum vel odit repudiandae.','1989-06-01 14:50:42'),
('8','8','8','Tempora architecto dolore eligendi labore. Officiis at quibusdam non aut voluptatem similique quaerat. Distinctio delectus mollitia maiores et quaerat expedita expedita sit.','1987-04-25 08:23:26'),
('9','9','9','Doloribus quasi amet aspernatur enim esse. Dolorem est sint ea occaecati. Neque et accusamus quasi qui ullam et autem. Sequi iure id iusto mollitia asperiores eaque voluptatem.','1989-01-02 21:05:05'),
('10','10','10','Ea iusto aut minima odio voluptatum. Atque eaque maxime asperiores nobis laborum unde. Aut beatae sit dignissimos ex voluptates eligendi officiis excepturi.','1995-01-20 07:03:37'),
('11','11','11','Debitis consequatur deserunt est voluptatibus voluptatum vel quia. Tempora possimus id qui commodi qui. Ad sapiente provident ut tenetur suscipit nam qui. Dolore officia dignissimos porro reprehenderit. Provident cupiditate ratione sequi aut dolorem corporis iste velit.','1997-01-29 18:30:27'),
('12','12','12','Illo totam non id quia nulla eligendi quis odit. Laborum itaque quod iste et quo. Aperiam saepe non saepe aut molestiae vitae est est.','1982-09-01 18:03:11'),
('13','13','13','Assumenda non quo similique perferendis est magni. Cumque temporibus quidem optio iste sit rerum. Occaecati quo labore ab hic ratione voluptas. Quasi occaecati at ea in aut nostrum.','1970-06-01 16:33:23'),
('14','14','14','Velit aliquam magni minus eum laboriosam. Maxime quibusdam exercitationem a vel. Voluptas ea eaque perferendis perferendis qui voluptatum.','2003-09-24 00:13:16'),
('15','15','15','Dolorem quasi nesciunt at ut saepe. Voluptas voluptatum dolore consequatur velit rem ut. Esse placeat quisquam reprehenderit incidunt voluptas. Omnis earum qui sint quasi quas exercitationem.','1976-08-07 09:14:38'),
('16','16','16','Ut est sunt sit itaque. Doloremque tenetur maxime est adipisci consequatur aliquid optio. Facere tempora qui placeat quaerat eum hic fugit. Aut enim ratione et aspernatur. Incidunt ut veritatis accusantium repellendus.','1998-11-24 08:47:20'),
('17','17','17','Possimus est accusantium id aliquam omnis. Alias sint eveniet pariatur aspernatur dignissimos dignissimos hic ipsum. Veniam nihil iure eius. Eos maiores beatae ut vero aut.','2020-01-29 06:32:48'),
('18','18','18','Perferendis quia ut aspernatur delectus tempore aut cumque. Qui ipsum quo atque dolorem. Cum sunt sapiente pariatur.','2016-02-06 15:27:40'),
('19','19','19','Molestiae nulla quod architecto corrupti doloribus. Eaque dicta est amet quia laudantium consequatur.','1973-02-14 16:11:10'),
('20','20','20','Sit omnis eveniet dignissimos laboriosam commodi harum. Laborum quo voluptatem laboriosam et aliquam. Excepturi rerum ut nihil. Vitae in harum quidem fuga molestias voluptates nulla quidem.','1977-11-07 07:14:20'),
('21','21','21','Et cupiditate placeat voluptatibus autem. Eveniet quia excepturi mollitia illo sed non.','1995-08-02 23:10:52'),
('22','22','22','Quas ut aut aspernatur itaque voluptatem impedit similique quis. Autem doloribus veritatis harum quae omnis minus neque. Consectetur asperiores asperiores consequatur similique praesentium earum aliquid assumenda. Et ea quo iure voluptas quia voluptas natus.','1985-10-24 03:24:54'),
('23','23','23','Dolorum debitis doloribus vel et blanditiis aut rerum sed. Eos ab nobis incidunt ea nulla ipsum. Alias vel provident ducimus enim id dolores voluptatibus voluptatem.','1970-05-13 05:22:30'),
('24','24','24','Accusamus aperiam dolore aut nesciunt blanditiis sint ullam. Vel earum et totam corporis pariatur. Nihil sed dolor impedit consequatur placeat mollitia corrupti. Aut doloribus rem facilis eum atque ea.','1995-07-24 00:42:48'),
('25','25','25','Non inventore sed officia est voluptatibus. Debitis sed enim reprehenderit repudiandae quod.','2004-08-28 10:22:07'),
('26','26','26','Aperiam a temporibus eius qui dolore. Excepturi id ut esse aut adipisci sapiente molestiae. Quod illo repellat illum id non sint consectetur. Iusto odit reiciendis quos eligendi deserunt quas aspernatur.','2015-12-26 02:57:09'),
('27','27','27','Rerum in ipsa in ullam aut libero dolores. Rerum voluptatem aliquam officiis. Voluptatibus nulla suscipit quia totam excepturi quidem sed.','1974-07-18 21:25:19'),
('28','28','28','Dicta veritatis eos repellendus quibusdam hic aut. Quam sint temporibus modi reprehenderit. Eveniet maxime magnam cum est. Non et sunt suscipit nobis sequi quo hic nam.','1989-12-12 07:03:25'),
('29','29','29','Tenetur magni dolores aut consequatur dolor. Ea et deserunt aut tempora. Neque nemo adipisci iusto expedita ea laborum. Harum saepe necessitatibus ab magni.','1989-07-13 16:00:15'),
('30','30','30','At dolore soluta expedita quo eligendi. Libero vel nihil architecto et et. Est adipisci est sed qui. Optio rerum voluptate quidem esse. Sunt quis soluta numquam.','2008-01-01 21:47:34'),
('31','31','31','Sint qui reiciendis perferendis qui vero consequatur est. Quisquam est quasi blanditiis velit qui qui reiciendis. Hic et aliquid ratione ducimus sunt. Ad adipisci cum officiis.','1980-12-29 10:40:53'),
('32','32','32','Unde cum quasi cum delectus quis facere. Voluptas culpa doloremque ducimus voluptate et. Ex quod soluta facilis occaecati iusto ratione. Nulla odit esse iure consequatur unde explicabo aut.','1992-02-19 03:51:02'),
('33','33','33','Exercitationem consectetur ut blanditiis itaque. Non id sit velit sed accusantium. Assumenda quisquam cupiditate aut totam aut illo. Quo sunt repudiandae ut enim sunt.','1981-06-08 22:42:53'),
('34','34','34','Rerum delectus architecto voluptas odio eum et suscipit ipsum. Et officiis porro modi animi id odit ex necessitatibus. Inventore perspiciatis officia deserunt eius dicta iste velit. Iste perferendis voluptate omnis voluptates.','1979-06-07 09:37:05'),
('35','35','35','Ipsum repellat libero magni tenetur consequatur labore. Vitae aut facilis omnis et itaque. Et dolore iure consequatur eos illo cum. Quisquam eum numquam sint velit quis excepturi voluptas dolor.','2001-09-19 16:40:54'),
('36','36','36','Nisi neque et molestiae facere corrupti illo. Similique autem voluptas adipisci mollitia iusto.','1970-11-03 00:21:45'),
('37','37','37','Dolorem consequuntur nobis quo commodi. Voluptatem velit qui ea fuga excepturi fugit. Tenetur perspiciatis et ea illo.','2006-10-09 23:54:09'),
('38','38','38','Harum expedita dolorum error deserunt quod id et molestiae. Voluptatem fugit non occaecati officia minus nisi. Sed et consequatur voluptatibus quo molestias laudantium.','1974-01-07 15:24:29'),
('39','39','39','Inventore accusamus et illo qui est odit. Sint perferendis ex accusantium exercitationem occaecati incidunt. Ducimus velit dignissimos aut atque quasi voluptatibus. Est ea dolore ab id aut eaque laudantium.','1983-09-20 04:40:53'),
('40','40','40','Qui error dolor voluptatem sapiente aliquid repellendus sunt. Error rem dolor ullam magnam fugit non illo recusandae. Et ut pariatur asperiores optio explicabo rerum. Ut quod modi quam enim rerum rerum. Soluta eos dolores et eos vitae corporis.','2019-12-10 02:50:50'),
('41','41','41','Et quibusdam qui voluptates dolores voluptatem voluptatibus. Aut quia et dolorum sapiente esse quia. Dolores dignissimos quia excepturi provident repudiandae laborum. Provident commodi et tenetur harum nobis quia.','2016-11-04 20:57:52'),
('42','42','42','Tempore sint voluptatum ipsa eum asperiores. Quia eligendi voluptas eius quos amet aliquid.','1994-03-23 21:31:33'),
('43','43','43','Atque est quia est cumque expedita perferendis. Sed qui autem quas et qui voluptatum ea. Quam et minus laboriosam voluptatem. Unde aut ducimus accusantium quas animi mollitia. Voluptas consequuntur nulla suscipit aspernatur.','1998-09-01 14:20:11'),
('44','44','44','Velit modi et quam ea doloremque qui dignissimos laudantium. Est quia aut esse nam non. Dolorem officia assumenda mollitia beatae molestias enim ratione. Nesciunt odit nemo est et qui.','2016-12-23 01:29:27'),
('45','45','45','Facere dolorum quod optio aliquam est tempore. Quo error in aliquam odio dolores alias mollitia.','1975-09-05 10:08:54'),
('46','46','46','Amet vero similique eius amet culpa dolor alias aut. Quasi similique rerum quaerat consequatur. At fugiat occaecati commodi nihil voluptatem quod placeat. Architecto esse sunt excepturi temporibus.','1997-04-04 04:31:11'),
('47','47','47','Eum earum sunt error distinctio voluptatem ad. Id qui voluptatem dolorem aut. Eum aspernatur sit et modi. Quae cupiditate autem quis est enim qui eum.','2003-02-22 19:34:13'),
('48','48','48','Et aut sint et dolore. Facilis esse veniam cupiditate dolores. Adipisci quia necessitatibus nulla. Cumque consequatur et aspernatur minus et pariatur fugiat praesentium.','1991-06-13 15:45:56'),
('49','49','49','Officiis ducimus omnis ut consequuntur nihil. Qui possimus eum rerum in est. Dolor enim cumque quam minus. Illum enim eum consequuntur rerum incidunt et suscipit. Omnis fugit in harum qui.','1991-05-12 01:36:42'),
('50','50','50','Illo doloremque voluptate est nemo commodi totam vero. Aut ipsa id officiis dolorem tempore. Asperiores officia optio voluptatem dolor necessitatibus. Dolorem dolorem doloremque est nemo.','1990-10-18 14:50:41'),
('51','51','51','In quis nemo necessitatibus vel repellat saepe magnam. Unde quisquam omnis nobis et. Atque ut et et aut eum aut.','1978-02-06 08:55:29'),
('52','52','52','Et et in ipsum sed. Sed eaque eum error asperiores. Voluptas aut non ducimus ad et. Aliquam voluptas qui voluptatem ut numquam explicabo. Autem neque asperiores est sint quaerat aut mollitia.','1987-12-23 15:06:05'),
('53','53','53','Nam est aut consectetur repellat animi distinctio. Est consequatur fuga qui libero. Non similique aut id dolor consequatur quaerat explicabo.','2001-08-21 03:25:15'),
('54','54','54','Necessitatibus ut minus amet voluptas error. Aliquam est quis cum aut. Aut aut omnis blanditiis reiciendis consequatur sint. Aut incidunt facilis inventore neque.','1996-06-09 11:51:35'),
('55','55','55','Ex hic exercitationem corporis et. Aut ipsa aut odio voluptatibus natus. Corrupti aut dolores aut rem qui nobis molestiae. Libero quod quos asperiores minus dolores harum architecto officiis.','1988-02-17 14:15:09'),
('56','56','56','Non et voluptatem accusamus aut. Nisi odit et esse minima. Minima unde sit reprehenderit non occaecati sed quasi et. Repellat aut unde voluptatum omnis.','1974-12-12 23:42:24'),
('57','57','57','Praesentium labore impedit deserunt impedit quas consectetur dolores vitae. Rerum rerum ut laudantium. Ducimus qui asperiores laudantium consequatur.','1972-01-14 08:01:53'),
('58','58','58','Molestiae minus quidem non. Non sed sit corrupti delectus neque hic quia. Nam voluptas sunt assumenda dicta sed ut.','1999-12-18 06:01:19'),
('59','59','59','Ut consectetur quia enim quis itaque quia qui. Rem et dolores itaque molestiae ut. Vitae nulla illum voluptas placeat doloribus. Modi eos quisquam harum vel laborum ipsa qui.','1971-12-30 05:45:39'),
('60','60','60','Dolorem nulla ullam est. Saepe consequuntur rerum alias ut rerum atque dolorem enim.','2008-10-20 13:01:54'),
('61','61','61','Ea blanditiis aperiam et accusamus. Iure omnis enim minus consectetur magnam quis repellat. Rerum dicta quibusdam molestiae distinctio quia aut.','2007-05-11 00:23:05'),
('62','62','62','Dolor nemo aut magni quod corrupti rerum autem. Mollitia non aspernatur harum qui. Facilis expedita eveniet consectetur magni.','2002-08-24 20:09:44'),
('63','63','63','Voluptas provident nihil odit ipsam aliquam omnis. Et id architecto atque praesentium delectus. Eligendi facilis nam iusto asperiores qui sint aliquam.','1980-10-09 18:26:43'),
('64','64','64','Minima at expedita assumenda ad rem. Velit quae doloremque accusamus sed quo aut quaerat. Sequi assumenda aut perspiciatis accusantium ipsam.','1975-03-29 06:54:18'),
('65','65','65','Rerum doloremque culpa laborum nihil repellendus. Consequatur quos dolor qui quia iure iste nihil. Occaecati nobis laudantium saepe et aut.','1987-07-26 06:39:23'),
('66','66','66','Et ut inventore esse sunt rerum commodi ipsam. Porro eos eos in reiciendis. Ad molestias velit nobis quia sit maiores similique.','2015-05-03 17:38:01'),
('67','67','67','Aut optio ut ut rerum architecto. Omnis blanditiis modi qui. Ab voluptatem sequi quod ut sed iure dignissimos quaerat.','2013-01-09 13:47:42'),
('68','68','68','Doloremque occaecati dolor veniam expedita dolores quia officia qui. Voluptatem molestiae vel eos ea. Illum alias optio cupiditate et voluptatem tempora et distinctio.','2017-01-31 03:18:28'),
('69','69','69','Dolores laborum voluptatem sunt consequatur. Ut ducimus illum porro odit sed. Deserunt magni fuga quidem fuga nisi quos accusamus eos.','1996-02-08 10:18:04'),
('70','70','70','Consectetur nobis modi quia voluptas fuga ab. Unde sed officiis explicabo.','1980-01-22 04:20:43'),
('71','71','71','Deserunt quisquam quae voluptatum tenetur vel. Ab et veniam est voluptatem. Fuga quia voluptate reiciendis in omnis.','1989-11-02 08:31:13'),
('72','72','72','Et ea voluptatem excepturi eligendi dignissimos at. Aspernatur officia deleniti reiciendis libero est neque. Inventore velit molestiae quia voluptatum quidem.','1982-03-21 10:37:19'),
('73','73','73','Quis pariatur dolorem iste. Incidunt consequatur in qui qui animi ad facilis. Ea ratione est nisi distinctio non eum. Cupiditate id excepturi nisi incidunt cum doloremque.','2006-02-27 19:25:25'),
('74','74','74','Dicta rerum fuga nemo omnis. Quo tempore consequatur sed.','2007-06-05 21:37:39'),
('75','75','75','Voluptas repellat doloribus iste similique consequatur. Beatae magnam et dolorem. Eligendi vero laboriosam nihil mollitia. Dolorem amet rerum mollitia molestias ex numquam voluptatem laudantium.','1989-09-07 03:22:03'),
('76','76','76','Dignissimos numquam animi et aperiam. Repellendus ullam exercitationem accusantium rerum. Veniam et rerum modi dolorem neque ratione voluptates. Sunt natus possimus sint et et.','2016-09-11 18:01:35'),
('77','77','77','Est aut saepe repellat magni. Odio voluptatem qui molestiae et nemo. Expedita nihil rerum ullam veniam provident mollitia. Quo quo velit ratione deserunt.','1989-03-01 19:24:05'),
('78','78','78','Fugit nobis eos qui est error perspiciatis. Voluptatem voluptate accusantium officiis omnis occaecati consectetur hic. Deleniti id molestiae officia voluptate corrupti.','1985-05-16 05:47:37'),
('79','79','79','Molestiae tempora repellat quia sequi. Dolore expedita qui illo dolore. Distinctio dolorum fuga repellendus perspiciatis. Vel minus dolores minima aut quo quo.','2003-04-25 12:18:56'),
('80','80','80','Expedita rerum autem autem est dicta dolore. Labore deserunt aliquid nostrum molestiae eveniet consequatur est. Commodi ullam quo facilis. Sit eum ipsum velit et.','2001-01-15 14:48:03'),
('81','81','81','Nisi enim provident aut laborum quia id dolorum. Quam et voluptatibus consectetur tempora qui qui. Animi sunt sed qui reiciendis dignissimos et est molestiae.','2001-03-06 02:10:07'),
('82','82','82','Rerum dolorem quis id est earum et sequi. Debitis earum facilis sint sit repudiandae ipsum doloribus. Aut molestias ad quibusdam incidunt. Delectus hic reiciendis accusamus quasi cumque est ex. Ut fugiat aut sit exercitationem.','2007-06-18 04:39:36'),
('83','83','83','Sit ipsa et consequuntur. Quia est minus quia non et. Atque magni neque minima est qui explicabo consequuntur.','2005-04-22 20:34:40'),
('84','84','84','Impedit et tempore vero explicabo aliquid aut. Velit corporis dolorem vero aperiam animi repudiandae. Hic autem dolor debitis repudiandae facilis. Voluptatibus vitae dolorem quidem sit maxime.','2008-06-21 01:16:59'),
('85','85','85','Nihil atque aperiam omnis in harum. Sit ea et sapiente cupiditate. Libero officia ut aut iste ipsa et atque aut.','2005-03-16 14:02:28'),
('86','86','86','Natus nemo dolor quo nobis odio. Natus labore minima nam quo. Quis incidunt dolores autem dolores sit ipsum iusto dolorem. Omnis fugit inventore dolor totam error expedita. Quidem laborum deserunt repellat et.','2013-07-18 07:32:41'),
('87','87','87','Eum quod temporibus et qui nam. Minima sint est delectus nesciunt modi accusantium velit. Quo corrupti et aut minus occaecati.','2012-02-15 05:30:06'),
('88','88','88','Delectus inventore vel et magni qui eligendi laudantium. Est iste exercitationem non et est a. Dolores delectus quisquam rerum minima.','1978-11-21 12:43:54'),
('89','89','89','Sit sequi unde a totam. Ut tempora pariatur ullam placeat et. Nostrum amet non quisquam tenetur.','2014-03-06 08:28:32'),
('90','90','90','Nesciunt quis corrupti est eum. Et at impedit sed non. Iure iusto non eos molestiae iure veritatis. Asperiores ex libero praesentium assumenda voluptatibus.','1992-07-19 10:11:29'),
('91','91','91','Autem non explicabo doloribus sint enim sit quam. Amet necessitatibus non temporibus enim sunt ipsa quae aut. Saepe qui a est autem praesentium.','2010-10-18 05:46:16'),
('92','92','92','Eos cum non vel sint et. Iusto enim et esse necessitatibus. Optio voluptatem sapiente adipisci nam non fugit corrupti. Minus sint ipsam quis enim necessitatibus.','1992-12-10 12:42:52'),
('93','93','93','Repellendus magnam autem aut aspernatur eos. Recusandae velit fugiat saepe illum corrupti sequi iure quidem. Sequi delectus sint et deleniti iusto. Odio consequatur et voluptatum dolores illum.','2005-10-06 16:04:01'),
('94','94','94','Voluptate error unde qui eligendi voluptatem enim. Non vitae amet facilis et officia omnis eum. Hic sint ducimus nemo omnis voluptatem ut modi. Cupiditate et vel placeat quia.','1974-11-17 13:08:34'),
('95','95','95','Esse omnis hic in. Quo officiis eveniet quam quis omnis ut dolores quo. Nulla quasi vel qui voluptatem cupiditate voluptas expedita mollitia. Quam eos autem numquam porro corrupti.','2003-03-21 10:06:53'),
('96','96','96','Dolores accusamus ad quasi enim quo rerum modi. Quia voluptatem sint necessitatibus rerum. Vel vero facere eius at qui.','1989-12-03 03:59:25'),
('97','97','97','Facilis non ullam est quis delectus voluptatem corrupti. Odit beatae quidem possimus qui velit placeat. Autem accusamus deserunt provident enim sapiente et autem. Molestiae rem aut officiis vitae rerum est voluptatem.','1996-10-27 18:22:03'),
('98','98','98','Earum molestias non mollitia aut. Voluptas est quia quod mollitia. Omnis et nihil delectus magnam.','2012-07-09 10:50:30'),
('99','99','99','Voluptatibus qui facilis distinctio sit qui. Dolorem placeat aliquam possimus. Optio corporis aliquid accusamus facilis enim. In rerum sint sequi nam.','2015-07-29 02:42:35'),
('100','100','100','Dicta numquam ut aliquid eveniet. Explicabo ut libero sit cumque. Dolor excepturi sapiente autem quaerat. Vitae placeat est excepturi qui ea ipsa.','2006-12-23 18:25:05'); 


DROP TABLE IF EXISTS `photo_albums`;
CREATE TABLE `photo_albums` (
  `id` bigint(20) unsigned NOT NULL AUTO_INCREMENT,
  `name` varchar(255) COLLATE utf8_unicode_ci DEFAULT NULL,
  `user_id` bigint(20) unsigned DEFAULT NULL,
  PRIMARY KEY (`id`),
  UNIQUE KEY `id` (`id`),
  KEY `user_id` (`user_id`),
  CONSTRAINT `photo_albums_ibfk_1` FOREIGN KEY (`user_id`) REFERENCES `users` (`id`)
) ENGINE=InnoDB AUTO_INCREMENT=8 DEFAULT CHARSET=utf8 COLLATE=utf8_unicode_ci;

INSERT INTO `photo_albums` VALUES ('1','aperiam','1'),
('2','laborum','2'),
('3','similique','3'),
('4','aliquid','4'),
('5','et','5'),
('6','sint','6'),
('7','labore','7'); 


DROP TABLE IF EXISTS `photos`;
CREATE TABLE `photos` (
  `id` bigint(20) unsigned NOT NULL AUTO_INCREMENT,
  `album_id` bigint(20) unsigned NOT NULL,
  `media_id` bigint(20) unsigned NOT NULL,
  PRIMARY KEY (`id`),
  KEY `album_id` (`album_id`),
  KEY `media_id` (`media_id`),
  CONSTRAINT `photos_ibfk_1` FOREIGN KEY (`album_id`) REFERENCES `photo_albums` (`id`),
  CONSTRAINT `photos_ibfk_2` FOREIGN KEY (`media_id`) REFERENCES `media` (`id`)
) ENGINE=InnoDB AUTO_INCREMENT=101 DEFAULT CHARSET=utf8 COLLATE=utf8_unicode_ci;

INSERT INTO `photos` VALUES ('1','1','1'),
('2','2','2'),
('3','3','3'),
('4','4','4'),
('5','5','5'),
('6','6','6'),
('7','7','7'),
('8','1','8'),
('9','2','9'),
('10','3','10'),
('11','4','11'),
('12','5','12'),
('13','6','13'),
('14','7','14'),
('15','1','15'),
('16','2','16'),
('17','3','17'),
('18','4','18'),
('19','5','19'),
('20','6','20'),
('21','7','21'),
('22','1','22'),
('23','2','23'),
('24','3','24'),
('25','4','25'),
('26','5','26'),
('27','6','27'),
('28','7','28'),
('29','1','29'),
('30','2','30'),
('31','3','31'),
('32','4','32'),
('33','5','33'),
('34','6','34'),
('35','7','35'),
('36','1','36'),
('37','2','37'),
('38','3','38'),
('39','4','39'),
('40','5','40'),
('41','6','41'),
('42','7','42'),
('43','1','43'),
('44','2','44'),
('45','3','45'),
('46','4','46'),
('47','5','47'),
('48','6','48'),
('49','7','49'),
('50','1','50'),
('51','2','51'),
('52','3','52'),
('53','4','53'),
('54','5','54'),
('55','6','55'),
('56','7','56'),
('57','1','57'),
('58','2','58'),
('59','3','59'),
('60','4','60'),
('61','5','61'),
('62','6','62'),
('63','7','63'),
('64','1','64'),
('65','2','65'),
('66','3','66'),
('67','4','67'),
('68','5','68'),
('69','6','69'),
('70','7','70'),
('71','1','71'),
('72','2','72'),
('73','3','73'),
('74','4','74'),
('75','5','75'),
('76','6','76'),
('77','7','77'),
('78','1','78'),
('79','2','79'),
('80','3','80'),
('81','4','81'),
('82','5','82'),
('83','6','83'),
('84','7','84'),
('85','1','85'),
('86','2','86'),
('87','3','87'),
('88','4','88'),
('89','5','89'),
('90','6','90'),
('91','7','91'),
('92','1','92'),
('93','2','93'),
('94','3','94'),
('95','4','95'),
('96','5','96'),
('97','6','97'),
('98','7','98'),
('99','1','99'),
('100','2','100'); 


DROP TABLE IF EXISTS `profiles`;
CREATE TABLE `profiles` (
  `user_id` bigint(20) unsigned NOT NULL AUTO_INCREMENT,
  `gender` char(1) COLLATE utf8_unicode_ci DEFAULT NULL,
  `birthday` date DEFAULT NULL,
  `photo_id` bigint(20) unsigned DEFAULT NULL,
  `created_at` datetime DEFAULT current_timestamp(),
  `hometown` varchar(100) COLLATE utf8_unicode_ci DEFAULT NULL,
  PRIMARY KEY (`user_id`),
  CONSTRAINT `profiles_ibfk_1` FOREIGN KEY (`user_id`) REFERENCES `users` (`id`) ON UPDATE CASCADE
) ENGINE=InnoDB AUTO_INCREMENT=101 DEFAULT CHARSET=utf8 COLLATE=utf8_unicode_ci;

INSERT INTO `profiles` VALUES ('1','D','1988-11-16','1','2000-09-12 14:37:02',NULL),
('2','P','2001-12-19','2','2009-01-22 07:52:27',NULL),
('3','D','2016-10-06','3','2016-05-02 13:35:53',NULL),
('4','M','2001-07-19','4','2002-10-25 08:47:15',NULL),
('5','D','1976-03-27','5','1987-08-11 14:19:30',NULL),
('6','D','1972-07-05','6','2003-09-23 19:13:33',NULL),
('7','D','1989-01-08','7','1997-08-22 14:01:56',NULL),
('8','M','1989-04-05','8','1972-12-30 21:01:09',NULL),
('9','P','1996-10-31','9','1982-05-03 15:11:10',NULL),
('10','P','1999-05-18','10','2018-03-18 04:27:39',NULL),
('11','M','1970-09-10','11','1998-04-24 00:06:36',NULL),
('12','D','1981-10-15','12','2011-08-26 09:03:38',NULL),
('13','M','1991-07-06','13','2012-12-12 07:10:57',NULL),
('14','M','2009-06-03','14','2007-10-05 23:21:49',NULL),
('15','P','1996-03-08','15','1976-12-10 18:00:10',NULL),
('16','M','1976-05-23','16','2012-04-21 07:57:01',NULL),
('17','M','1987-02-26','17','1987-02-06 22:24:54',NULL),
('18','P','2015-03-24','18','1975-05-15 09:51:55',NULL),
('19','P','2013-10-24','19','2017-02-01 14:37:44',NULL),
('20','M','1970-11-17','20','1976-12-14 19:20:28',NULL),
('21','D','1989-08-18','21','1972-07-05 22:13:26',NULL),
('22','M','2001-06-24','22','1970-12-21 00:18:35',NULL),
('23','M','2006-10-10','23','2018-11-04 12:45:11',NULL),
('24','M','1994-03-08','24','2015-03-31 10:00:17',NULL),
('25','P','1970-06-21','25','2010-03-10 21:09:29',NULL),
('26','M','2006-05-10','26','1998-09-04 00:34:52',NULL),
('27','D','1984-11-07','27','1982-11-10 07:24:09',NULL),
('28','M','2014-12-20','28','2007-05-01 02:17:24',NULL),
('29','M','1976-07-28','29','2016-10-25 21:08:06',NULL),
('30','P','2008-03-24','30','2012-07-27 10:03:35',NULL),
('31','M','1984-10-14','31','2002-04-03 01:15:48',NULL),
('32','M','2006-06-13','32','2009-05-28 06:06:58',NULL),
('33','P','1985-10-21','33','2018-03-22 14:13:19',NULL),
('34','P','2015-04-24','34','1984-06-13 05:36:53',NULL),
('35','M','1995-07-12','35','1988-02-29 03:20:51',NULL),
('36','P','1995-03-14','36','1998-06-08 16:20:50',NULL),
('37','D','1978-04-17','37','1973-07-07 06:38:39',NULL),
('38','D','1999-10-18','38','1979-01-09 00:12:12',NULL),
('39','P','2000-11-28','39','2000-02-24 23:25:14',NULL),
('40','M','1978-11-08','40','1972-01-11 08:39:41',NULL),
('41','D','1970-06-11','41','2016-04-29 14:08:48',NULL),
('42','D','1980-10-14','42','2004-11-08 23:54:20',NULL),
('43','M','1994-11-27','43','1980-10-21 22:45:31',NULL),
('44','M','1972-03-09','44','2017-06-30 05:08:35',NULL),
('45','D','1981-06-06','45','1978-03-30 01:54:37',NULL),
('46','M','1997-04-01','46','1992-09-27 16:02:19',NULL),
('47','M','1992-04-09','47','2014-11-16 18:27:01',NULL),
('48','M','2013-05-20','48','1989-08-20 07:34:11',NULL),
('49','D','1974-10-22','49','2013-01-31 00:10:04',NULL),
('50','D','1988-10-21','50','1993-12-25 06:34:22',NULL),
('51','M','1973-12-29','51','2000-04-15 23:16:41',NULL),
('52','D','1992-07-03','52','2018-06-19 19:03:43',NULL),
('53','D','2010-07-07','53','1971-07-20 18:57:41',NULL),
('54','D','2004-04-07','54','2017-07-17 01:49:52',NULL),
('55','M','2002-08-07','55','1972-01-24 21:00:40',NULL),
('56','M','1981-06-30','56','1995-08-10 00:21:35',NULL),
('57','P','1997-02-24','57','2001-10-02 08:52:32',NULL),
('58','P','1983-05-23','58','2011-07-18 03:42:53',NULL),
('59','D','1982-08-18','59','1994-10-29 10:40:08',NULL),
('60','D','2002-02-23','60','2010-01-30 07:18:07',NULL),
('61','M','2019-12-06','61','1996-04-09 10:54:04',NULL),
('62','P','2016-12-16','62','1997-12-09 18:37:08',NULL),
('63','M','1990-11-19','63','1978-12-25 05:47:43',NULL),
('64','M','2019-10-28','64','2017-12-09 18:51:07',NULL),
('65','P','1972-11-23','65','2009-04-14 01:05:12',NULL),
('66','M','1994-08-11','66','1986-04-05 15:46:10',NULL),
('67','D','2014-06-11','67','1992-08-15 20:59:51',NULL),
('68','M','2008-08-27','68','1996-10-07 22:57:47',NULL),
('69','M','1991-11-03','69','2014-08-26 19:50:27',NULL),
('70','M','1994-06-22','70','1994-03-13 12:23:31',NULL),
('71','D','2017-07-05','71','1997-11-07 22:09:18',NULL),
('72','D','1997-07-02','72','2009-09-02 00:36:56',NULL),
('73','M','1995-07-09','73','1979-11-09 02:34:32',NULL),
('74','P','2005-06-26','74','1978-05-11 17:33:29',NULL),
('75','D','1980-01-06','75','1987-02-19 11:48:01',NULL),
('76','D','1981-01-27','76','1973-12-25 20:38:24',NULL),
('77','M','1975-02-23','77','1976-03-16 15:53:11',NULL),
('78','M','1971-05-19','78','2014-04-22 21:41:31',NULL),
('79','D','1987-07-17','79','1998-05-16 02:11:27',NULL),
('80','D','1982-11-27','80','2018-08-11 18:36:59',NULL),
('81','P','2004-01-11','81','1978-02-14 15:09:48',NULL),
('82','M','2006-01-18','82','1975-10-27 11:21:44',NULL),
('83','D','1998-02-08','83','2000-08-11 05:03:43',NULL),
('84','M','1991-04-14','84','1976-01-22 20:31:20',NULL),
('85','M','1976-06-18','85','2002-11-23 04:13:24',NULL),
('86','P','1989-01-27','86','2006-08-28 21:50:05',NULL),
('87','D','1981-08-21','87','1980-08-09 11:38:10',NULL),
('88','M','2017-03-10','88','1977-05-24 01:14:37',NULL),
('89','M','1972-11-02','89','1985-08-16 16:21:32',NULL),
('90','D','2011-07-30','90','1975-05-06 11:19:37',NULL),
('91','M','1997-01-23','91','2015-07-29 01:03:45',NULL),
('92','P','1970-06-14','92','1996-12-25 15:00:58',NULL),
('93','M','1988-02-03','93','1993-12-31 23:12:11',NULL),
('94','P','2012-04-01','94','2016-06-12 08:55:35',NULL),
('95','D','1987-10-05','95','1979-10-23 14:07:03',NULL),
('96','M','1980-10-25','96','1995-12-06 16:01:20',NULL),
('97','P','2009-08-25','97','1988-10-23 07:24:54',NULL),
('98','D','1975-11-06','98','1987-03-20 04:02:35',NULL),
('99','P','2009-05-04','99','2009-11-28 18:16:45',NULL),
('100','P','1998-11-14','100','1977-05-22 19:49:11',NULL); 


DROP TABLE IF EXISTS `users`;
CREATE TABLE `users` (
  `id` bigint(20) unsigned NOT NULL AUTO_INCREMENT,
  `firstname` varchar(50) COLLATE utf8_unicode_ci DEFAULT NULL,
  `lastname` varchar(50) COLLATE utf8_unicode_ci DEFAULT NULL COMMENT '',
  `email` varchar(120) COLLATE utf8_unicode_ci DEFAULT NULL,
  `phone` bigint(20) DEFAULT NULL,
  PRIMARY KEY (`id`),
  UNIQUE KEY `email` (`email`),
  KEY `users_phone_idx` (`phone`),
  KEY `users_firstname_lastname_idx` (`firstname`,`lastname`)
) ENGINE=InnoDB AUTO_INCREMENT=101 DEFAULT CHARSET=utf8 COLLATE=utf8_unicode_ci;

INSERT INTO `users` VALUES ('1','King','Williamson','valentin.hauck@example.net','0'),
('2','Janessa','Rodriguez','augustus.ortiz@example.org','775'),
('3','Fabian','Windler','germaine47@example.org','444'),
('4','Troy','Schaden','laurine05@example.com','0'),
('5','Nathanial','Daugherty','swaniawski.sarah@example.org','979'),
('6','Idell','Hegmann','kassulke.madge@example.com','0'),
('7','Karli','Windler','sally.runolfsson@example.net','69'),
('8','Valentin','Kertzmann','nicolas.janie@example.net','951417'),
('9','Daphnee','Baumbach','cathrine66@example.com','803537'),
('10','Lempi','Grady','obechtelar@example.org','319017'),
('11','Caterina','O\'Conner','kgaylord@example.net','566019'),
('12','Russ','Flatley','ferne.rutherford@example.net','85'),
('13','Michael','Schuppe','ola.hamill@example.net','317211'),
('14','Cristopher','Wehner','imurazik@example.net','2'),
('15','Jarrell','Mohr','hrobel@example.net','1'),
('16','Freeman','Parker','filomena69@example.com','1'),
('17','Elyse','Volkman','reece03@example.net','3118902423'),
('18','Dora','Jerde','carlee16@example.org','4576084703'),
('19','Kiel','Howe','block.grant@example.org','0'),
('20','Lon','Greenfelder','libby.waelchi@example.com','1'),
('21','General','Schuster','zulauf.schuyler@example.com','502'),
('22','Jolie','Grady','peggie.goyette@example.com','488'),
('23','Mazie','Predovic','marlen21@example.com','311275'),
('24','Wanda','Johnston','fisher.hilbert@example.com','892'),
('25','Makayla','Lehner','amya93@example.net','1'),
('26','Electa','Kris','rgrady@example.net','0'),
('27','Henri','Waelchi','elmore36@example.net','4323928091'),
('28','Elna','Bogisich','robel.summer@example.net','1'),
('29','Jamel','Runolfsson','ima26@example.org','0'),
('30','Harry','Casper','london62@example.net','285816'),
('31','Kristin','Pollich','medhurst.emilio@example.org','3344645645'),
('32','Cristina','Boehm','runte.nicolette@example.com','935'),
('33','Trisha','Klocko','jschinner@example.com','1'),
('34','Frankie','Hamill','george36@example.com','43'),
('35','Jaydon','Davis','laverne.beahan@example.org','34'),
('36','Melody','Pagac','swift.golden@example.org','80'),
('37','Nyasia','Bayer','armstrong.audrey@example.net','746'),
('38','Wilbert','Kuvalis','jacobson.johathan@example.net','0'),
('39','Lucie','Kiehn','marion81@example.net','0'),
('40','Taya','Jacobs','merl11@example.org','1'),
('41','Elody','Carroll','rdeckow@example.org','1'),
('42','Armand','Koss','elfrieda.bernier@example.org','1'),
('43','Camron','O\'Kon','gutmann.isabel@example.com','326'),
('44','Stacy','McCullough','mohammad.thompson@example.net','0'),
('45','Hillary','Konopelski','bruen.jennings@example.net','1'),
('46','Talon','Willms','yhammes@example.com','0'),
('47','Darlene','Ullrich','alize08@example.net','1'),
('48','Vito','Nikolaus','willms.nona@example.com','637711'),
('49','Alana','Jast','stokes.gina@example.org','211936'),
('50','Rene','Kemmer','kiehn.alden@example.net','7906901315'),
('51','Tina','Graham','marilou.haag@example.com','1'),
('52','Edmund','Rice','urban85@example.com','1'),
('53','Kelsi','Marvin','hammes.baby@example.com','8207257107'),
('54','Calista','Reichert','bashirian.alayna@example.net','690'),
('55','Tiara','Hintz','harold22@example.com','353817'),
('56','Ola','Gutkowski','fidel.legros@example.com','278'),
('57','Destinee','McKenzie','lon20@example.com','1450849298'),
('58','Dorthy','Gleason','tristin.orn@example.com','0'),
('59','Eileen','Krajcik','qbahringer@example.com','511069'),
('60','Jessyca','Gleason','iondricka@example.com','0'),
('61','Rosa','Heidenreich','okey.waters@example.org','16'),
('62','Ally','Kreiger','bernhard.sasha@example.org','445'),
('63','Orlando','Robel','nelda00@example.org','1'),
('64','Harry','Jast','savannah57@example.net','461'),
('65','Adela','Torphy','martine.spinka@example.com','420195'),
('66','Ima','Gottlieb','meta64@example.org','949712'),
('67','Madilyn','Sipes','barrows.ibrahim@example.net','0'),
('68','Kiel','Nolan','lempi.funk@example.com','558646'),
('69','Dereck','Ritchie','serenity68@example.org','552520'),
('70','Lamar','Eichmann','gerlach.oceane@example.com','1'),
('71','Alf','Bahringer','bertrand83@example.org','0'),
('72','Lola','Reilly','boehm.curtis@example.com','4485831601'),
('73','Hailie','O\'Conner','amonahan@example.org','22'),
('74','Orpha','Rosenbaum','julien.grant@example.com','3098686362'),
('75','Tomas','Murray','madelyn.douglas@example.com','1'),
('76','Brooks','VonRueden','jonas57@example.com','1'),
('77','Anais','Hodkiewicz','ehegmann@example.com','996621'),
('78','Germaine','Bode','okoch@example.net','72'),
('79','Milford','Marks','thiel.zechariah@example.com','838'),
('80','Zackary','Ondricka','oernser@example.com','420'),
('81','Garland','Boyer','giovanna.keebler@example.net','532441'),
('82','Antwan','Herzog','feil.madisen@example.com','377'),
('83','Kayli','Fritsch','baron48@example.org','1'),
('84','Una','Kuhlman','cordia.cummings@example.com','1'),
('85','Suzanne','Mitchell','hipolito11@example.net','304368'),
('86','Karen','Wintheiser','river.lemke@example.com','80'),
('87','Felton','Kassulke','zemlak.antonietta@example.com','889119'),
('88','Carmine','Kub','jason14@example.com','0'),
('89','Santa','Kerluke','broob@example.org','381310'),
('90','Allene','Fahey','smitchell@example.com','1'),
('91','Dax','Carter','wilma07@example.net','47'),
('92','Nyah','Pfannerstill','dibbert.jerad@example.net','209'),
('93','Bernita','Swift','murazik.missouri@example.org','1'),
('94','Chaim','Mante','odell45@example.com','0'),
('95','Verla','Littel','liam.williamson@example.com','0'),
('96','Merritt','Wehner','cleve14@example.com','658239'),
('97','Abdullah','Ferry','twila.cummerata@example.net','63810'),
('98','Jessica','Littel','zaltenwerth@example.com','8658'),
('99','Arely','Cremin','lehner.susan@example.net','84'),
('100','Stevie','Hane','hstiedemann@example.com','66'); 


DROP TABLE IF EXISTS `users_communities`;
CREATE TABLE `users_communities` (
  `user_id` bigint(20) unsigned NOT NULL,
  `community_id` bigint(20) unsigned NOT NULL,
  PRIMARY KEY (`user_id`,`community_id`),
  KEY `community_id` (`community_id`),
  CONSTRAINT `users_communities_ibfk_1` FOREIGN KEY (`user_id`) REFERENCES `users` (`id`),
  CONSTRAINT `users_communities_ibfk_2` FOREIGN KEY (`community_id`) REFERENCES `communities` (`id`)
) ENGINE=InnoDB DEFAULT CHARSET=utf8 COLLATE=utf8_unicode_ci;

INSERT INTO `users_communities` VALUES ('1','1'),
('2','2'),
('3','3'),
('4','4'),
('5','5'),
('6','6'),
('7','7'),
('8','8'),
('9','9'),
('10','10'),
('11','1'),
('12','2'),
('13','3'),
('14','4'),
('15','5'),
('16','6'),
('17','7'),
('18','8'),
('19','9'),
('20','10'),
('21','1'),
('22','2'),
('23','3'),
('24','4'),
('25','5'),
('26','6'),
('27','7'),
('28','8'),
('29','9'),
('30','10'); 




/*!40101 SET SQL_MODE=@OLD_SQL_MODE */;
/*!40014 SET FOREIGN_KEY_CHECKS=@OLD_FOREIGN_KEY_CHECKS */;
/*!40014 SET UNIQUE_CHECKS=@OLD_UNIQUE_CHECKS */;
/*!40101 SET CHARACTER_SET_CLIENT=@OLD_CHARACTER_SET_CLIENT */;
/*!40101 SET CHARACTER_SET_RESULTS=@OLD_CHARACTER_SET_RESULTS */;
/*!40101 SET COLLATION_CONNECTION=@OLD_COLLATION_CONNECTION */;
/*!40111 SET SQL_NOTES=@OLD_SQL_NOTES */;

